Date,actual,pred_cnn,pred_hybrid,pred_lstm
2023-01-23,3401.4365234375,3355.2634,3371.0005,3371.2812
2023-01-24,3460.52783203125,3368.5217,3366.934,3371.0708
2023-01-25,3489.533935546875,3371.4214,3358.749,3369.63
2023-01-27,3695.438232421875,3370.484,3352.1333,3365.503
2023-01-30,3605.6982421875,3365.8088,3346.6702,3361.7866
2023-01-31,3584.201904296875,3441.8005,3450.5227,3412.3943
2023-02-01,3577.677978515625,3444.0474,3456.4324,3413.4229
2023-02-02,3558.340576171875,3441.8945,3460.915,3414.236
2023-02-03,3616.3994140625,3452.6377,3463.4163,3414.8518
2023-02-06,3613.1611328125,3461.8457,3468.8137,3415.4636
2023-02-07,3641.650634765625,3442.042,3415.4348,3446.84
2023-02-08,3642.448486328125,3430.5554,3412.6694,3446.9875
2023-02-09,3610.016357421875,3433.889,3410.883,3447.123
2023-02-10,3596.780517578125,3429.4038,3411.4685,3447.4688
2023-02-13,3645.4521484375,3432.987,3412.331,3447.4832
2023-02-14,3638.505859375,3450.4495,3627.0576,3478.0745
2023-02-15,3666.009765625,3444.8726,3629.6616,3478.118
2023-02-16,3667.13623046875,3433.3213,3635.773,3478.2075
2023-02-17,3655.590576171875,3435.4895,3639.2795,3478.2693
2023-02-20,3664.508056640625,3434.1802,3640.883,3478.2932
2023-02-21,3601.896728515625,3536.215,3544.3262,3656.5083
2023-02-22,3605.27587890625,3536.6934,3540.621,3656.7424
2023-02-23,3597.01513671875,3537.4343,3539.1375,3656.0771
2023-02-24,3613.958984375,3539.1484,3537.2695,3655.0037
2023-02-27,3416.737548828125,3539.948,3536.967,3653.7253
2023-02-28,3436.778564453125,3511.1902,3529.0872,3515.6736
2023-03-01,3502.91015625,3509.2073,3522.0085,3514.942
2023-03-02,3487.515625,3514.587,3518.7085,3514.051
2023-03-03,3503.23876953125,3517.4727,3515.738,3513.147
2023-03-06,3494.837646484375,3519.4705,3513.6597,3512.346
2023-03-08,3577.583984375,3495.9377,3513.5935,3510.1968
2023-03-09,3579.7431640625,3487.3853,3514.8179,3510.2278
2023-03-10,3587.628173828125,3477.584,3515.085,3510.431
2023-03-13,3546.841552734375,3501.6824,3515.4558,3510.8035
2023-03-14,3522.857421875,3503.6958,3514.8408,3511.1123
2023-03-15,3501.361572265625,3509.3735,3521.1587,3518.2173
2023-03-16,3567.25830078125,3505.1138,3520.2913,3519.7642
2023-03-17,3580.587646484375,3502.7063,3519.5713,3520.4548
2023-03-20,3571.76416015625,3505.0754,3520.7986,3521.4983
2023-03-21,3666.29150390625,3504.4495,3522.1475,3522.3367
2023-03-22,3683.4228515625,3537.4182,3508.608,3523.499
2023-03-23,3626.161865234375,3550.699,3505.2046,3523.9556
2023-03-24,3593.260498046875,3549.5786,3503.3306,3524.2405
2023-03-27,3574.158203125,3553.4216,3503.17,3524.4812
2023-03-28,3559.185546875,3548.5752,3503.8167,3524.89
2023-03-29,3641.509521484375,3502.654,3525.2063,3535.033
2023-03-31,3646.625732421875,3489.3425,3523.4233,3535.8694
2023-04-03,3748.9443359375,3507.127,3522.5261,3536.3484
2023-04-05,3776.5419921875,3532.4243,3519.8672,3537.38
2023-04-06,3786.351806640625,3548.407,3518.3962,3538.8794
2023-04-10,3812.635498046875,3461.4397,3586.1035,3539.7668
2023-04-11,3921.3369140625,3440.3809,3592.0464,3539.4211
2023-04-12,4023.280029296875,3425.325,3600.163,3538.7798
2023-04-13,4025.486083984375,3397.3823,3607.7124,3537.937
2023-04-17,3993.570556640625,3362.8,3612.6,3537.0662
2023-04-18,3951.23486328125,3758.995,4104.4917,3585.2942
2023-04-19,4004.318359375,3752.432,4101.992,3586.6792
2023-04-20,4049.892578125,3753.9146,4119.1616,3588.0693
2023-04-21,4044.21337890625,3746.582,4138.8896,3589.1082
2023-04-24,4066.554443359375,3754.8967,4145.6606,3590.0886
2023-04-25,4076.36376953125,3735.3088,4075.604,3660.0352
2023-04-26,4035.483154296875,3735.9602,4080.8965,3663.2053
2023-04-27,4137.9892578125,3728.022,4076.576,3664.8516
2023-04-28,4160.28369140625,3739.6128,4092.9521,3665.1372
2023-05-02,4222.28515625,3748.0745,4101.8945,3665.6038
2023-05-03,4175.208984375,3657.0417,4152.009,4163.412
2023-05-04,4184.45556640625,3659.488,4154.8105,4175.648
2023-05-05,4189.5244140625,3660.274,4159.0005,4185.508
2023-05-08,4270.3935546875,3653.3638,4162.1655,4193.4185
2023-05-09,4251.244140625,3657.369,4173.2383,4204.2285
2023-05-10,4276.68310546875,3720.1519,3715.7139,3764.9438
2023-05-11,4269.12646484375,3721.2957,3716.6704,3767.8135
2023-05-12,4260.677734375,3718.6104,3717.1218,3770.9414
2023-05-15,4284.755859375,3719.3674,3717.5215,3772.6782
2023-05-16,4260.162109375,3719.4211,3717.573,3774.284
2023-05-17,4251.7138671875,3843.4143,4260.2393,4282.656
2023-05-18,4241.66943359375,3846.157,4260.7,4284.7046
2023-05-19,4208.392578125,3840.207,4260.1255,4284.7773
2023-05-22,4245.9873046875,3835.5562,4255.9033,4281.926
2023-05-23,4222.37939453125,3835.6072,4256.784,4279.3745
2023-05-24,4240.68359375,3806.2183,3818.5693,3733.545
2023-05-25,4359.3359375,3805.2969,3818.5256,3733.5322
2023-05-26,4333.00537109375,3809.8992,3820.8074,3733.6157
2023-05-29,4335.39892578125,3813.7407,3821.6797,3733.6108
2023-05-30,4310.42919921875,3813.5647,3822.5537,3733.5989
2023-05-31,4287.1962890625,4254.6777,4306.3906,4285.4326
2023-06-01,4358.9599609375,4242.194,4305.409,4289.051
2023-06-02,4382.89697265625,4261.018,4315.0615,4293.8057
2023-06-05,4421.33642578125,4282.2983,4324.652,4299.646
2023-06-06,4436.5439453125,4309.0537,4336.7393,4305.45
2023-06-07,4487.70361328125,3771.2576,3908.0564,3944.4224
2023-06-08,4506.3837890625,3782.5022,3912.781,3949.1611
2023-06-09,4452.642578125,3782.2026,3916.9854,3952.6782
2023-06-12,4477.28369140625,3779.571,3919.1946,3955.9934
2023-06-13,4464.423828125,3766.8157,3920.9639,3959.1646
2023-06-14,4440.251953125,3778.2305,4004.7517,4449.4385
2023-06-15,4432.13232421875,3785.8254,4004.8743,4457.364
2023-06-16,4357.41162109375,3787.8347,4004.268,4460.601
2023-06-19,4315.544921875,3778.03,3998.2986,4458.036
2023-06-20,4376.232421875,3777.0364,3991.129,4449.697
2023-06-21,4365.10888671875,4347.168,3974.0864,3947.3835
2023-06-22,4329.3916015625,4326.715,3971.4912,3945.4631
2023-06-23,4339.24755859375,4320.128,3967.879,3943.1313
2023-06-26,4324.509765625,4321.916,3965.5972,3941.352
2023-06-27,4334.9765625,4308.9043,3963.014,3939.2322
2023-06-28,4427.2041015625,3945.8296,3905.8145,4116.2866
2023-06-30,4538.69921875,3955.4487,3905.3794,4113.447
2023-07-03,4460.4345703125,3943.5383,3906.0786,4114.258
2023-07-04,4474.70458984375,3922.6873,3907.5337,4118.7466
2023-07-05,4730.73193359375,3907.1465,3908.9324,4125.397
2023-07-06,4757.4814453125,3963.4712,4176.0767,4123.667
2023-07-07,4676.50830078125,3978.3025,4197.704,4135.797
2023-07-10,4738.375,3979.2847,4205.6797,4149.1807
2023-07-11,4757.4326171875,3989.9277,4219.0728,4163.1787
2023-07-12,4719.51025390625,4001.4658,4229.952,4177.812
2023-07-13,4707.90087890625,4113.9854,4100.0225,4141.421
2023-07-14,4701.2744140625,4084.4873,4101.632,4149.586
2023-07-17,4675.68603515625,4079.8186,4102.6514,4154.6167
2023-07-18,4702.24169921875,4070.6838,4101.8306,4160.3687
2023-07-19,4666.49560546875,4069.834,4103.2075,4165.149
2023-07-20,4710.07763671875,4083.5127,4063.9827,4420.408
2023-07-21,4704.2734375,4082.9597,4063.5093,4417.414
2023-07-24,4723.669921875,4083.3118,4063.4688,4418.137
2023-07-25,4690.97119140625,4080.0352,4063.5305,4416.325
2023-07-26,4711.77099609375,4077.419,4063.684,4413.636
2023-07-27,4692.9541015625,4089.4043,4707.9385,4274.2305
2023-07-28,4733.1025390625,4087.7476,4705.2554,4274.123
2023-07-31,4770.73486328125,4087.2288,4713.421,4274.4404
2023-08-01,4763.52783203125,4091.5222,4727.654,4275.8467
2023-08-02,4674.67041015625,4098.767,4736.0234,4276.96
2023-08-03,4669.05908203125,4297.2544,4251.1147,4187.329
2023-08-04,4558.48291015625,4303.096,4249.826,4187.09
2023-08-07,4517.9482421875,4293.389,4243.158,4185.5522
2023-08-08,4498.64794921875,4285.377,4236.02,4182.42
2023-08-09,4514.51318359375,4276.415,4228.267,4178.68
2023-08-10,4485.5400390625,4355.355,4253.7188,4166.086
2023-08-11,4449.21240234375,4345.498,4243.9854,4161.727
2023-08-14,4466.2880859375,4320.429,4232.5967,4156.479
2023-08-16,4450.71240234375,4311.4214,4224.774,4150.94
2023-08-17,4506.09716796875,4287.9917,4218.108,4145.697
2023-08-18,4465.17529296875,4376.432,4566.28,4184.1646
2023-08-21,4460.62841796875,4368.624,4556.263,4179.1343
2023-08-22,4477.60693359375,4362.12,4550.083,4176.757
2023-08-23,4508.90283203125,4346.9736,4549.535,4175.501
2023-08-24,4479.29931640625,4356.1133,4555.238,4175.107
2023-08-25,4434.70166015625,4448.313,4317.7134,4340.083
2023-08-28,4450.5673828125,4430.475,4312.992,4339.3286
2023-08-29,4512.5791015625,4430.999,4310.988,4340.1523
2023-08-30,4522.6884765625,4455.26,4316.252,4340.674
2023-08-31,4463.482421875,4462.869,4321.4185,4342.8467
2023-09-01,4516.35205078125,4216.7544,4210.053,4197.5747
2023-09-04,4486.07177734375,4219.1133,4212.9746,4198.48
2023-09-05,4548.421875,4215.191,4212.716,4199.347
2023-09-06,4531.20166015625,4218.648,4216.72,4200.47
2023-09-07,4563.513671875,4226.4883,4218.706,4201.25
2023-09-08,4604.48388671875,4504.167,4262.288,4253.0776
2023-09-11,4649.80712890625,4525.466,4269.5522,4257.332
2023-09-12,4663.544921875,4536.067,4278.641,4262.0703
2023-09-13,4651.6455078125,4544.1,4286.6636,4265.8125
2023-09-14,4686.666015625,4547.273,4292.624,4269.7617
2023-09-15,4963.3486328125,4111.904,4275.6846,4421.346
2023-09-18,5007.99462890625,4069.0874,4302.7427,4438.4565
2023-09-20,5014.08935546875,4083.6995,4316.387,4461.957
2023-09-21,4919.5244140625,4098.157,4327.07,4485.047
2023-09-22,4838.11572265625,4143.9688,4330.2354,4507.1206
2023-09-25,4842.37255859375,4337.571,4450.241,4472.4487
2023-09-26,4904.0458984375,4333.526,4450.375,4484.101
2023-09-27,4868.9765625,4321.0825,4454.9526,4493.7925
2023-09-28,4843.4853515625,4331.789,4455.4707,4502.247
2023-09-29,4898.724609375,4333.7515,4453.9136,4510.0728
2023-10-03,4853.01416015625,4322.6885,4398.164,4373.8594
2023-10-04,4758.35205078125,4330.622,4394.8755,4371.7217
2023-10-05,4847.78955078125,4332.0884,4387.7305,4368.0645
2023-10-06,4851.224609375,4321.304,4385.2305,4364.511
2023-10-09,4844.16162109375,4319.544,4384.1206,4362.8545
2023-10-10,4873.3779296875,4800.623,4685.7812,4460.1895
2023-10-11,4899.40185546875,4795.1074,4690.548,4460.3325
2023-10-12,4940.2265625,4814.6606,4697.7773,4459.0356
2023-10-13,4887.79248046875,4815.26,4710.2607,4459.8965
2023-10-16,4911.30126953125,4830.298,4710.353,4461.647
2023-10-17,4973.748046875,4645.904,4394.291,4717.5254
2023-10-18,4969.97509765625,4653.585,4398.3467,4722.858
2023-10-19,5303.97705078125,4670.2617,4403.01,4733.648
2023-10-20,5310.45849609375,4668.609,4413.9995,4747.2104
2023-10-23,5229.2919921875,4742.5205,4429.469,4764.6553
2023-10-25,5173.0849609375,4564.183,4497.2085,4694.103
2023-10-26,5088.00048828125,4515.7407,4501.1035,4710.1206
2023-10-27,5198.4794921875,4533.639,4497.9062,4722.83
2023-10-30,5135.93603515625,4572.8257,4504.381,4733.627
2023-10-31,5140.91796875,4581.099,4504.068,4744.899
2023-11-01,5170.23095703125,4605.6357,4703.461,5243.273
2023-11-02,5145.12646484375,4590.881,4706.7227,5233.149
2023-11-03,5194.02978515625,4576.2007,4703.862,5221.0337
2023-11-06,5230.69482421875,4567.7144,4705.1455,5228.072
2023-11-07,5242.44873046875,4576.66,4709.2153,5244.1484
2023-11-08,5221.74658203125,4189.075,4714.595,4415.3555
2023-11-09,5242.35205078125,4191.5435,4717.1924,4416.173
2023-11-10,5216.376953125,4191.1865,4721.599,4417.9067
2023-11-13,5248.44677734375,4192.018,4722.7036,4418.4946
2023-11-15,5356.314453125,4185.3633,4726.099,4419.748
2023-11-16,5370.05126953125,5125.346,4833.112,5364.5957
2023-11-17,5448.025390625,5158.345,4843.119,5391.132
2023-11-20,5466.06787109375,5173.7837,4859.518,5426.92
2023-11-21,5500.7021484375,5204.8335,4871.517,5464.846
2023-11-22,5564.1640625,5216.6953,4884.0776,5503.5176
2023-11-23,5732.205078125,5445.9897,4719.328,4859.0347
2023-11-24,5737.0908203125,5556.8037,4736.809,4870.514
2023-11-28,5802.72998046875,5614.5596,4753.0063,4882.364
2023-11-29,5872.19091796875,5667.4175,4769.1157,4895.936
2023-11-30,5892.11962890625,5716.6245,4784.3447,4909.3735
2023-12-01,5849.0693359375,5177.308,4978.597,5976.922
2023-12-04,5999.64892578125,5208.6143,4988.7344,6025.975
2023-12-05,5940.0556640625,5233.0083,4997.9795,6073.8755
2023-12-06,5872.19091796875,5266.611,5007.844,6108.76
2023-12-07,5895.0703125,5268.2197,5013.496,6127.4814
2023-12-08,5877.75390625,5268.4517,6024.6606,4978.686
2023-12-11,5938.41064453125,5281.615,6022.503,4982.1226
2023-12-12,6050.43798828125,5260.084,6035.7993,4985.577
2023-12-13,6110.32177734375,5282.8013,6070.206,4988.312
2023-12-14,6128.4609375,5320.7544,6105.5757,4990.4824
2023-12-15,6070.75390625,5392.301,4969.2656,4722.196
2023-12-18,6255.0478515625,5411.9067,4971.1616,4725.023
2023-12-19,6209.869140625,5405.701,4980.8613,4727.6836
2023-12-20,6157.09619140625,5469.8887,4985.115,4730.9355
2023-12-21,6042.84423828125,5506.5254,4987.364,4734.4834
2023-12-22,6164.4970703125,5702.4253,5219.704,6188.6807
2023-12-26,6253.9345703125,5718.7485,5227.73,6196.0083
2023-12-27,6491.0498046875,5735.009,5236.3813,6206.759
2023-12-28,6484.90625,5779.1,5256.741,6231.24
2023-12-29,6575.79541015625,5822.6787,5266.986,6255.9443
2024-01-01,6482.7783203125,6413.711,5263.92,5152.5474
2024-01-02,6447.90234375,6473.145,5271.633,5160.9985
2024-01-03,6758.8798828125,6518.3867,5276.45,5166.134
2024-01-04,6696.62646484375,6551.136,5292.674,5175.403
2024-01-05,6751.14013671875,6656.6177,5302.267,5185.0273
2024-01-08,6756.31591796875,5235.939,5366.6465,5969.83
2024-01-09,6862.7802734375,5267.7744,5376.888,5993.2173
2024-01-10,6823.93896484375,5286.4424,5387.9097,6014.3286
2024-01-11,7061.0537109375,5284.864,5393.4272,6026.883
2024-01-12,7064.052734375,5317.722,5407.8145,6043.172
2024-01-15,7064.052734375,4880.0254,5811.221,6362.7
2024-01-16,7056.3134765625,4890.2246,5820.9883,6381.6997
2024-01-17,6932.4833984375,4892.723,5829.4004,6403.442
2024-01-18,6852.81640625,4897.7183,5832.4253,6411.781
2024-01-19,6904.04052734375,4903.588,5834.809,6422.5522
2024-01-23,6864.71533203125,6746.849,6259.1895,7088.7456
2024-01-24,6977.85546875,6747.7896,6256.2856,7081.6387
2024-01-25,7349.97314453125,6772.663,6262.0303,7076.699
2024-01-29,7302.85986328125,6848.1685,6287.4194,7095.227
2024-01-30,7319.88671875,6906.833,6296.8413,7121.1963
2024-01-31,7417.74072265625,5767.6406,6345.866,6612.0967
2024-02-01,7406.32568359375,5804.6226,6368.27,6617.64
2024-02-02,7486.08935546875,5822.1426,6384.13,6624.2124
2024-02-05,7408.744140625,5851.919,6406.0737,6637.505
2024-02-06,7468.869140625,5884.7964,6415.6636,6652.062
2024-02-07,7450.97216796875,5359.4966,7323.3306,6286.4307
2024-02-08,7504.51904296875,5386.209,7339.0454,6302.9053
2024-02-09,7531.2197265625,5392.8247,7355.7983,6316.0103
2024-02-12,7574.85009765625,5397.203,7370.265,6319.658
2024-02-13,7659.451171875,5404.3423,7388.2046,6325.2007
2024-02-14,7819.94580078125,7762.6953,5670.9233,7487.281
2024-02-15,7858.400390625,7823.5083,5681.826,7513.099
2024-02-16,8053.81982421875,7872.5522,5691.1167,7543.859
2024-02-19,8232.4541015625,7956.3804,5705.823,7582.5967
2024-02-20,8024.9423828125,8071.625,5722.948,7633.711
2024-02-21,7964.04296875,8153.6924,5784.0537,8120.51
2024-02-22,8221.5703125,8192.288,5787.6963,8145.044
2024-02-23,8162.07470703125,8310.231,5814.6597,8170.125
2024-02-26,8172.76416015625,8347.1455,5821.907,8194.386
2024-02-27,8187.75927734375,8409.336,5830.419,8217.201
2024-02-28,7921.86376953125,7256.3657,7697.3745,8182.7964
2024-02-29,7651.6630859375,7284.3145,7674.793,8193.022
2024-03-01,7778.10498046875,7313.861,7626.139,8179.601
2024-03-04,7939.90625,7283.648,7606.8135,8153.2437
2024-03-05,8079.64990234375,7249.8535,7608.318,8125.962
2024-03-06,8325.4228515625,6772.8984,6760.3633,7250.7915
2024-03-07,8589.7705078125,6750.238,6781.7754,7255.7837
2024-03-11,8377.2763671875,6770.5312,6811.825,7257.6465
2024-03-12,8249.8681640625,6798.5405,6820.897,7258.5127
2024-03-13,8111.72021484375,6790.1514,6822.0083,7258.329
2024-03-14,8110.41357421875,5885.43,6656.5713,7512.6436
2024-03-15,8078.63427734375,5903.569,6657.8335,7523.274
2024-03-18,8244.1591796875,5901.284,6656.381,7543.53
2024-03-19,8358.7021484375,5915.4077,6666.528,7560.916
2024-03-20,8354.251953125,5896.6562,6678.535,7573.3433
2024-03-21,8465.5048828125,6874.428,8318.21,8560.089
2024-03-22,8653.8134765625,6875.042,8342.417,8562.823
2024-03-26,8668.615234375,6873.6978,8383.306,8560.476
2024-03-27,8863.9853515625,6895.5713,8413.075,8569.232
2024-03-28,8850.103515625,6930.1245,8467.422,8590.141
2024-04-01,8747.5576171875,7386.179,6729.7783,6333.141
2024-04-02,8973.8837890625,7452.9043,6749.8706,6346.4644
2024-04-03,8784.6083984375,7476.3774,6775.4536,6362.7686
2024-04-04,8848.1689453125,7505.817,6787.682,6374.0586
2024-04-05,8715.970703125,7547.3945,6799.8164,6383.425
2024-04-08,8736.2861328125,7268.803,6751.5156,7046.1235
2024-04-09,8686.3671875,7250.119,6752.941,7053.6055
2024-04-10,8712.1494140625,7256.408,6751.452,7056.1777
2024-04-12,8769.5166015625,7250.8076,6749.4346,7058.578
2024-04-15,8703.92578125,7241.7827,6747.7354,7056.644
2024-04-16,8628.564453125,8190.116,8761.528,9356.971
2024-04-18,8727.3857421875,8159.876,8740.29,9355.058
2024-04-19,8517.6494140625,8136.834,8741.717,9339.645
2024-04-22,8509.1845703125,8115.077,8705.981,9332.594
2024-04-23,8509.232421875,8101.246,8682.408,9319.363
2024-04-24,8413.748046875,8419.955,7408.753,7861.913
2024-04-25,8450.3173828125,8378.058,7394.071,7855.753
2024-04-26,8681.9169921875,8363.2295,7383.953,7850.559
2024-04-29,8474.6953125,8349.312,7389.9526,7845.5376
2024-04-30,8613.5693359375,8335.304,7381.54,7836.7515
2024-05-02,8813.8251953125,8086.659,7953.522,8492.524
2024-05-03,8808.939453125,8089.691,7988.5933,8498.569
2024-05-06,8757.6171875,8063.8423,8009.9165,8505.644
2024-05-07,8395.173828125,8101.129,8022.8955,8523.289
2024-05-08,8464.3447265625,8112.204,7980.666,8528.401
2024-05-09,8558.619140625,8242.755,7816.7573,9116.694
2024-05-10,8689.1728515625,8290.148,7819.3125,9124.616
2024-05-13,8699.330078125,8316.669,7833.866,9133.162
2024-05-14,8769.904296875,8293.405,7841.779,9131.276
2024-05-15,8613.0859375,8279.799,7859.7188,9142.762
2024-05-16,8582.8046875,7392.6484,8414.619,9092.578
2024-05-17,8494.625,7390.6123,8404.647,9081.402
2024-05-21,8533.322265625,7386.55,8385.439,9068.553
2024-05-22,8518.6650390625,7378.433,8381.321,9058.51
2024-05-23,8671.4208984375,7359.8574,8376.8955,9069.587
2024-05-24,8656.66796875,7664.805,6598.441,9005.514
2024-05-27,8705.5224609375,7680.9263,6602.0493,9009.059
2024-05-28,8696.8642578125,7674.17,6606.8813,9006.573
2024-05-29,8774.693359375,7650.701,6610.366,9003.827
2024-05-30,8676.306640625,7645.218,6617.58,8999.072
2024-05-31,8788.7685546875,8687.493,8551.6455,8626.38
2024-06-03,9031.30078125,8722.229,8568.91,8640.227
2024-06-04,8945.4912109375,8807.531,8610.339,8668.383
2024-06-05,9289.408203125,8859.522,8632.947,8693.187
2024-06-06,9385.376953125,8968.313,8687.259,8732.215
2024-06-07,9408.69140625,7157.34,9060.389,9345.568
2024-06-10,9415.9462890625,7212.5723,9109.111,9379.882
2024-06-11,9493.001953125,7239.6055,9149.438,9414.623
2024-06-12,9581.5693359375,7288.974,9193.2,9453.414
2024-06-13,9600.095703125,7327.5015,9239.027,9490.993
2024-06-14,9715.5205078125,8961.839,8447.577,7307.441
2024-06-18,9673.046875,9034.74,8483.932,7322.2217
2024-06-19,9446.390625,9087.774,8501.949,7332.4004
2024-06-20,9393.9208984375,9057.7295,8484.256,7344.349
2024-06-21,9364.90625,9051.177,8470.798,7348.925
2024-06-24,9504.3720703125,9185.704,8994.35,9682.786
2024-06-25,9421.1806640625,9184.391,9000.992,9688.424
2024-06-26,9240.4609375,9214.71,8993.612,9691.643
2024-06-27,9184.673828125,9191.543,8968.628,9686.768
2024-06-28,9266.79296875,9159.042,8943.819,9674.469
2024-07-01,9296.783203125,9510.326,8615.068,9825.834
2024-07-02,9168.8740234375,9453.928,8605.198,9804.084
2024-07-03,9189.501953125,9394.11,8591.998,9782.074
2024-07-04,9227.0009765625,9391.455,8584.319,9771.068
2024-07-05,9397.626953125,9374.376,8579.861,9762.283
2024-07-08,9293.857421875,9298.463,9852.099,9472.777
2024-07-09,9298.4404296875,9278.3,9843.381,9461.637
2024-07-10,9306.5849609375,9265.27,9843.679,9454.889
2024-07-11,9232.8037109375,9268.34,9849.238,9457.582
2024-07-12,9197.6455078125,9279.337,9845.457,9462.137
2024-07-15,9434.248046875,9277.921,8983.397,9344.427
2024-07-16,9478.1357421875,9308.701,8999.947,9344.493
2024-07-18,9388.2646484375,9353.977,9016.657,9353.288
2024-07-19,9154.0498046875,9333.538,9022.23,9361.268
2024-07-22,9177.1162109375,9313.155,9005.872,9365.059
2024-07-23,9150.587890625,8692.311,9289.014,9389.464
2024-07-24,9031.3115234375,8677.813,9269.478,9388.124
2024-07-25,9048.9150390625,8650.016,9235.674,9384.62
2024-07-26,9258.259765625,8633.771,9210.503,9378.84
2024-07-29,9321.4091796875,8636.387,9221.484,9376.784
2024-07-30,9327.9423828125,8147.5005,8367.989,9933.927
2024-07-31,9425.3251953125,8117.0645,8365.475,9922.193
2024-08-01,9489.986328125,8143.774,8369.793,9910.398
2024-08-02,9378.51171875,8159.276,8383.02,9907.103
2024-08-05,9250.6025390625,8205.073,8396.188,9918.032
2024-08-06,9194.37890625,9246.441,9740.71,9066.079
2024-08-07,9468.2373046875,9253.128,9737.631,9071.594
2024-08-08,9402.9912109375,9296.939,9763.67,9085.715
2024-08-09,9524.560546875,9313.142,9774.882,9098.158
2024-08-12,9470.8212890625,9342.077,9791.518,9105.435
2024-08-13,9432.5419921875,8296.205,9744.755,9748.324
2024-08-14,9508.6142578125,8277.868,9748.697,9753.661
2024-08-16,9643.740234375,8264.954,9759.622,9754.75
2024-08-19,9529.14453125,8293.357,9785.513,9755.088
2024-08-20,9537.970703125,8297.072,9795.522,9761.759
2024-08-21,9608.4833984375,9581.39,9200.073,9098.205
2024-08-22,9669.1455078125,9573.975,9217.064,9113.596
2024-08-23,10149.228515625,9590.888,9236.647,9119.652
2024-08-26,10174.68359375,9628.367,9319.526,9139.477
2024-08-27,10242.0263671875,9693.504,9381.056,9156.777
2024-08-28,10393.341796875,9572.273,10233.2705,10101.875
2024-08-29,10540.7060546875,9637.96,10294.255,10139.921
2024-08-30,10622.337890625,9708.807,10355.852,10179.3955
2024-09-02,10851.08984375,9830.263,10411.601,10215.869
2024-09-03,10770.6787109375,9943.727,10481.455,10266.057
2024-09-04,10692.705078125,10141.491,10025.875,9033.739
2024-09-05,10587.4228515625,10289.897,10072.139,9070.46
2024-09-06,10562.40625,10343.091,10100.375,9105.213
2024-09-09,10579.4736328125,10382.0205,10114.308,9121.17
2024-09-10,10716.16015625,10398.835,10126.167,9136.824
2024-09-11,11138.45703125,8032.143,10893.544,8983.324
2024-09-12,11433.724609375,8068.7437,10977.161,8992.212
2024-09-13,11447.037109375,8087.9785,11068.927,8999.706
2024-09-16,11399.4423828125,8096.977,11126.306,9007.241
2024-09-17,11654.91796875,8120.2974,11163.285,9010.163
2024-09-18,11473.857421875,9896.384,11184.872,10562.944
2024-09-19,11574.65234375,9929.137,11212.862,10584.0
2024-09-20,11646.53125,9973.236,11249.864,10613.793
2024-09-23,12033.9619140625,10070.906,11285.337,10647.815
2024-09-24,12136.07421875,10197.547,11339.874,10684.778
2024-09-25,12090.8212890625,10891.313,11368.203,11365.921
2024-09-26,12309.6748046875,10970.526,11395.866,11398.625
2024-09-27,12353.318359375,11085.491,11432.953,11422.844
2024-09-30,12040.7890625,11151.871,11464.42,11449.59
2024-10-01,11856.9482421875,11192.456,11467.681,11475.717
2024-10-03,11514.6240234375,8655.568,12508.623,11195.476
2024-10-04,11483.3662109375,8627.752,12429.509,11204.665
2024-10-07,11329.9052734375,8647.097,12353.831,11210.778
2024-10-08,11595.23046875,8635.379,12244.53,11212.915
2024-10-09,11525.9853515625,8663.511,12198.744,11206.955
2024-10-10,11539.5419921875,12256.617,11484.58,11490.2705
2024-10-11,11583.3818359375,12160.797,11463.333,11476.355
2024-10-14,11605.1787109375,12038.797,11444.532,11452.904
2024-10-15,11236.716796875,11900.522,11430.405,11425.266
2024-10-16,11329.80859375,11780.717,11383.886,11402.948
2024-10-17,9869.322265625,10774.004,11820.377,11348.043
2024-10-18,9815.1943359375,10501.708,11641.507,11318.818
2024-10-21,10240.9541015625,10349.914,11503.238,11289.146
2024-10-22,10112.0703125,10358.426,11432.248,11269.069
2024-10-23,10325.072265625,10092.613,11334.371,11233.019
2024-10-24,10047.84765625,10323.632,10257.87,11296.247
2024-10-25,9953.830078125,10188.639,10191.376,11230.955
2024-10-28,9763.796875,10146.376,10124.928,11148.743
2024-10-29,9607.361328125,10071.171,10047.093,11047.598
2024-10-30,9694.9423828125,9869.779,9967.065,10954.647
2024-10-31,9593.1708984375,9842.221,10842.662,8813.55
2024-11-01,9631.8408203125,9749.978,10801.578,8811.116
2024-11-04,9290.1015625,9699.323,10769.762,8808.9795
2024-11-05,9630.767578125,9599.907,10670.277,8782.065
2024-11-06,9772.818359375,9594.727,10642.796,8759.483
2024-11-07,9613.0185546875,9196.203,10489.688,9824.809
2024-11-08,9665.4404296875,9138.331,10460.65,9795.209
2024-11-11,9674.16796875,9118.156,10458.049,9773.637
2024-11-12,9439.466796875,9134.032,10464.172,9766.419
2024-11-13,9218.5166015625,9082.0205,10429.246,9765.505
2024-11-14,9248.5556640625,9365.205,10164.019,10449.433
2024-11-18,9281.275390625,9340.084,10121.966,10438.009
2024-11-19,9309.75390625,9358.086,10097.959,10418.601
2024-11-21,9270.060546875,9293.733,10073.056,10432.799
2024-11-22,9247.2880859375,9213.484,10028.938,10407.021
2024-11-25,9188.087890625,8286.154,9889.097,9686.875
2024-11-26,8911.5947265625,8244.093,9853.143,9653.852
2024-11-27,8963.1875,8188.4116,9772.576,9605.866
2024-11-28,8790.708984375,8171.0215,9723.272,9552.285
2024-11-29,8810.361328125,8144.191,9655.862,9510.511
2024-12-02,8904.669921875,8991.556,9754.964,9049.342
2024-12-03,8935.3427734375,8978.912,9713.41,9020.574
2024-12-04,8776.7138671875,8978.321,9677.488,8991.247
2024-12-05,8672.1630859375,8904.939,9619.315,8956.926
2024-12-06,8874.9736328125,8871.476,9553.193,8920.3545
2024-12-09,8853.078125,8660.26,9324.237,8806.251
2024-12-10,8790.513671875,8637.611,9315.313,8778.781
2024-12-11,8845.6650390625,8635.807,9301.291,8770.398
2024-12-12,8741.701171875,8606.3125,9304.405,8760.11
2024-12-13,8798.4140625,8614.182,9291.413,8759.374
2024-12-16,8775.9326171875,8681.894,9595.024,9371.042
2024-12-17,8675.1376953125,8682.242,9581.887,9358.059
2024-12-18,8735.361328125,8667.689,9559.368,9338.235
2024-12-19,8760.6220703125,8657.979,9558.697,9336.221
2024-12-20,8570.05078125,8653.435,9555.546,9346.226
2024-12-23,8551.7158203125,8723.871,9105.842,8766.625
2024-12-24,8561.078125,8694.856,9075.554,8746.14
2024-12-26,8659.0458984375,8689.74,9046.331,8727.009
2024-12-27,8707.6142578125,8673.072,9030.888,8706.608
2024-12-30,8562.8828125,8690.112,9025.058,8697.081
2024-12-31,8581.1201171875,8205.723,9260.698,9154.603
2025-01-01,8524.5048828125,8214.34,9245.335,9134.252
2025-01-02,8855.0771484375,8224.6455,9221.575,9124.185
2025-01-03,8744.0908203125,8219.964,9264.666,9112.126
2025-01-06,8605.74609375,8208.607,9282.233,9098.705
2025-01-07,8592.53125,8581.649,8987.001,8660.987
2025-01-08,8428.634765625,8617.56,8985.177,8669.495
2025-01-09,8617.44921875,8564.787,8944.064,8669.768
2025-01-10,8547.3759765625,8588.53,8940.144,8662.802
2025-01-13,8383.7724609375,8556.025,8924.115,8650.961
2025-01-14,8398.3525390625,8358.513,9088.473,9573.077
2025-01-15,8365.9736328125,8347.886,9058.913,9564.08
2025-01-16,8369.826171875,8329.511,9021.943,9557.885
2025-01-17,8369.2890625,8282.358,8983.595,9501.469
2025-01-20,8333.2041015625,8244.778,8955.773,9455.825
2025-01-21,8259.228515625,8238.911,8909.917,9072.07
2025-01-22,8251.71875,8232.634,8874.344,9040.216
2025-01-23,8192.32421875,8212.587,8842.179,9024.271
2025-01-24,8193.8359375,8159.958,8798.172,8980.554
2025-01-27,8177.35302734375,8127.2466,8765.979,8942.065
2025-01-28,8190.81298828125,7694.8403,8715.325,8872.18
2025-01-29,8412.6396484375,7683.1646,8691.943,8849.08
2025-01-30,8531.576171875,7681.672,8710.06,8835.1
2025-01-31,8629.1044921875,7706.5073,8748.562,8828.354
2025-02-01,8929.2958984375,7734.7905,8804.054,8831.395
2025-02-03,8705.908203125,8417.81,9062.901,8653.44
2025-02-04,8691.1328125,8433.593,9135.366,8698.337
2025-02-05,8707.126953125,8426.49,9193.689,8749.003
2025-02-06,8627.689453125,8456.975,9248.433,8810.671
2025-02-07,8767.205078125,8477.32,9277.44,8870.628
2025-02-10,8661.044921875,7628.523,8888.026,8780.757
2025-02-11,8545.4248046875,7659.095,8900.125,8820.946
2025-02-12,8496.2705078125,7680.5664,8893.739,8837.636
2025-02-13,8476.521484375,7681.7896,8879.078,8839.267
2025-02-14,8296.240234375,7662.594,8852.339,8828.899
2025-02-17,8326.1328125,8519.745,8898.657,9253.156
2025-02-18,8237.8203125,8510.855,8857.107,9217.972
2025-02-19,8269.908203125,8471.798,8804.101,9175.31
2025-02-20,8416.8828125,8438.433,8765.394,9125.031
2025-02-21,8295.8017578125,8425.665,8755.05,9085.166
2025-02-24,8238.1630859375,8331.931,8956.674,8581.51
2025-02-25,8209.8310546875,8297.914,8929.271,8549.467
2025-02-27,8028.8662109375,8271.522,8905.188,8524.144
2025-02-28,7707.56005859375,8240.349,8854.497,8494.246
2025-03-03,7524.109375,8212.555,8767.419,8447.903
2025-03-04,7152.0390625,7755.7686,7915.904,8690.273
2025-03-05,7236.888671875,7628.9805,7720.369,8598.23
2025-03-06,7277.8017578125,7484.5977,7565.471,8494.331
2025-03-07,7387.52099609375,7416.934,7434.798,8370.612
2025-03-10,7200.90087890625,7385.0586,7342.6396,8220.73
2025-03-11,7314.5703125,7655.3574,7571.7495,7763.29
2025-03-12,7329.29638671875,7565.581,7484.505,7638.918
2025-03-13,7319.20263671875,7499.974,7422.965,7515.6265
2025-03-17,7301.01318359375,7499.1807,7387.6245,7413.6987
2025-03-18,7301.01318359375,7472.6895,7368.7207,7350.922
2025-03-19,7530.9853515625,7422.8086,7300.0874,7383.6914
2025-03-20,7724.2373046875,7466.3984,7355.7163,7426.691
2025-03-21,7868.43310546875,7525.1064,7447.6865,7470.029
2025-03-24,7924.70654296875,7558.1035,7555.974,7519.8965
2025-03-25,7808.11181640625,7599.81,7668.148,7561.403
2025-03-26,7779.92626953125,7507.7246,8138.587,7768.4116
2025-03-27,7777.19482421875,7529.3145,8192.58,7821.761
2025-03-28,7684.1044921875,7550.547,8239.249,7870.8545
2025-04-01,7795.4814453125,7581.0327,8263.905,7912.3174
2025-04-02,7873.40673828125,7642.8467,8303.9375,7952.1294
2025-04-03,7716.63037109375,7733.489,7747.356,8033.2686
2025-04-04,7495.1435546875,7750.5317,7738.5244,8055.0396
2025-04-07,7126.19384765625,7701.138,7679.8335,8047.951
2025-04-08,7312.716796875,7661.6675,7550.2285,8006.696
2025-04-09,7385.13134765625,7582.0386,7475.2896,7950.061
2025-04-11,7576.8232421875,7641.9756,7575.191,7966.335
2025-04-15,7797.87109375,7660.848,7548.552,7923.03
2025-04-16,7764.71142578125,7669.945,7565.034,7888.995
2025-04-17,7819.81494140625,7660.0073,7584.114,7874.236
2025-04-21,8043.642578125,7615.2534,7605.3086,7854.7983
2025-04-22,7939.77490234375,7815.7026,7820.371,7871.176
2025-04-23,8057.29638671875,7830.004,7884.312,7893.188
2025-04-24,7998.779296875,7873.2793,7979.148,7954.45
2025-04-25,7835.41943359375,7917.964,8052.9185,8065.76
2025-04-28,7895.88720703125,7921.8154,8078.8228,8149.7866
2025-04-29,7878.81982421875,7754.322,7803.371,8320.691
2025-04-30,7831.5185546875,7760.0073,7807.474,8366.244
2025-05-02,7627.19677734375,7762.9,7792.3413,8379.728
2025-05-05,7724.72509765625,7758.4014,7726.0767,8388.622
2025-05-06,7749.10693359375,7742.9116,7696.428,8385.028
2025-05-07,7654.9921875,7968.307,7761.4307,8078.212
2025-05-08,7533.56982421875,7927.3984,7719.461,8049.9663
2025-05-09,7492.60791015625,7864.906,7658.5947,8005.907
2025-05-12,7840.78369140625,7830.3545,7603.252,7961.644
2025-05-13,7863.70263671875,7856.061,7626.4756,7939.5825
2025-05-14,7902.2265625,7917.763,7978.165,8087.2207
2025-05-15,8120.2021484375,7959.61,8005.7085,8074.397
2025-05-16,8272.833984375,7964.3286,8081.5195,8081.526
2025-05-19,8632.2255859375,8026.3936,8183.4043,8128.9565
2025-05-20,8353.294921875,8104.8643,8342.818,8189.7026
2025-05-21,8472.7666015625,8094.3584,8236.928,7988.646
2025-05-22,8517.6298828125,8168.559,8348.289,8070.063
2025-05-23,8524.9443359375,8251.404,8459.545,8167.407
2025-05-26,8737.068359375,8322.003,8548.926,8269.438
2025-05-27,8741.45703125,8428.234,8650.83,8345.931
2025-05-28,8630.2744140625,8197.597,8556.125,8437.607
2025-05-29,8655.14453125,8254.268,8605.913,8501.544
2025-05-30,8394.2568359375,8256.054,8644.464,8546.869
2025-06-02,8303.0673828125,8208.532,8607.938,8569.697
2025-06-03,8351.34375,8159.8286,8560.891,8557.153
2025-06-04,8351.83203125,8530.12,9041.27,8433.969
2025-06-05,8345.9794921875,8526.926,9015.051,8423.882
2025-06-06,8423.5146484375,8510.875,8989.749,8407.715
2025-06-09,8427.416015625,8469.474,8975.18,8391.709
2025-06-10,8412.787109375,8445.0205,8960.217,8362.656
2025-06-11,8503.48828125,8212.372,8435.984,8416.184
2025-06-12,8355.2451171875,8250.309,8442.708,8398.402
2025-06-13,8254.3037109375,8237.115,8429.184,8378.672
2025-06-16,8318.671875,8221.161,8407.15,8377.434
2025-06-17,8284.537109375,8221.816,8399.43,8381.588
2025-06-18,8258.6923828125,8212.285,8859.89,8635.138
2025-06-19,8286.0,8184.656,8840.896,8630.591
2025-06-20,8371.0,8185.774,8829.6455,8624.678
2025-06-23,8286.5,8231.275,8836.844,8610.911
2025-06-24,8377.0,8201.435,8823.896,8596.04
2025-06-25,8389.5,8430.63,8735.201,8353.592
2025-06-26,8433.0,8409.967,8742.466,8339.991
2025-06-27,8436.0,8423.202,8765.356,8343.587
2025-06-30,8376.0,8431.264,8785.661,8358.686
2025-07-01,8399.0,8428.766,8792.713,8367.704
2025-07-02,8356.5,8218.641,8851.878,8448.998
2025-07-03,8382.5,8210.028,8853.933,8460.499
2025-07-04,8433.0,8205.503,8858.934,8468.731
2025-07-07,8463.5,8220.945,8870.596,8472.172
2025-07-08,8339.5,8243.411,8887.888,8483.686
2025-07-09,8361.0,8188.1665,8937.934,8633.058
2025-07-10,8285.0,8172.962,8932.781,8631.918
2025-07-11,8067.0,8167.104,8913.363,8623.514
2025-07-14,8087.5,8144.4673,8863.395,8604.352
2025-07-15,8311.0,8113.2314,8827.5,8582.867
2025-07-16,8302.5,8122.2905,8504.924,7216.89
2025-07-17,8330.0,8118.311,8502.373,7216.3306
2025-07-18,8347.5,8122.9556,8504.404,7215.8096
2025-07-21,8438.5,8117.0923,8508.261,7215.2773
2025-07-22,8295.0,8126.9956,8530.767,7214.9043
2025-07-23,8397.0,8308.895,8783.36,8629.184
2025-07-24,8288.5,8357.356,8795.28,8629.402
2025-07-25,8075.5,8316.3125,8795.941,8637.817
2025-07-28,8089.5,8273.235,8778.534,8663.528
2025-07-29,8127.5,8265.773,8763.711,8679.089
2025-07-30,8043.5,7999.308,8568.261,8507.088
2025-07-31,8008.0,7959.505,8533.656,8488.95
2025-08-01,8044.5,7974.381,8497.519,8462.903
2025-08-04,8187.5,7955.8613,8470.014,8432.3545
2025-08-05,8230.5,7915.604,8468.743,8394.991
2025-08-06,8178.5,8142.3784,8234.926,8505.313
2025-08-07,8229.0,8129.585,8233.051,8472.309
2025-08-08,8224.0,8121.0776,8250.769,8456.418
2025-08-11,8275.0,8136.315,8272.778,8469.876
2025-08-12,8196.5,8170.017,8300.548,8485.111
2025-08-13,8248.5,8123.797,8233.62,8355.944
2025-08-14,8213.5,8148.964,8251.748,8375.36
2025-08-18,8588.5,8166.251,8260.139,8395.578
2025-08-19,8795.5,8235.1,8335.489,8425.99
2025-08-20,8827.5,8341.897,8436.447,8462.098
2025-08-21,8684.5,7697.5327,8556.804,8443.86
2025-08-22,8679.5,7722.956,8600.385,8495.274
2025-08-25,8750.5,7740.8286,8643.047,8545.104
2025-08-26,8691.5,7746.7646,8691.85,8599.379
2025-08-28,8689.5,7751.235,8722.664,8648.45
2025-08-29,8631.5,8654.6045,8917.647,8843.397
2025-09-01,8967.0,8705.9,8938.13,8894.312
2025-09-02,9030.5,8720.624,8994.547,8955.46
2025-09-03,9116.0,8732.748,9044.999,8982.988
2025-09-04,9071.0,8784.277,9101.588,8997.465
2025-09-05,9084.5,8552.78,9021.914,8867.671
2025-09-08,9433.5,8578.341,9061.585,8904.698
2025-09-09,9383.0,8649.227,9139.787,8955.451
2025-09-10,9244.0,8688.748,9202.825,9008.032
2025-09-11,9113.5,8703.513,9244.519,9062.623
2025-09-12,8999.5,9126.255,9243.905,8928.56
2025-09-15,9025.0,9114.154,9232.897,8969.345
2025-09-16,9072.5,9122.366,9218.174,8980.587
2025-09-17,9084.0,9114.057,9208.566,8984.467
2025-09-18,9075.0,9099.231,9200.032,8980.713
2025-09-19,8971.5,9107.267,9396.746,8951.04
2025-09-22,9054.5,9077.849,9371.812,8938.974
2025-09-23,8984.5,9033.009,9355.15,8910.216
2025-09-24,8839.0,8990.268,9336.383,8884.732
2025-09-25,8842.5,8955.8955,9310.177,8861.869
2025-09-26,8702.0,8792.507,9319.868,9136.78
2025-09-29,8717.5,8755.4,9281.09,9122.461
2025-09-30,8678.5,8711.602,9248.018,9102.268
2025-10-01,8626.5,8701.167,9208.855,9074.457
2025-10-03,8679.5,8659.313,9166.064,9041.451
2025-10-06,8792.0,8520.171,9079.958,8932.412
2025-10-07,8904.0,8517.262,9072.686,8905.786
2025-10-08,8792.0,8531.864,9085.366,8879.902
2025-10-09,8810.0,8543.524,9083.955,8862.959
2025-10-10,8946.5,8550.504,9089.992,8860.784
2025-10-13,9066.0,8598.485,8843.981,8835.592
2025-10-14,9102.5,8641.171,8890.557,8858.017
2025-10-15,8998.0,8681.755,8937.84,8885.285
2025-10-16,9151.5,8716.259,8966.154,8915.863
2025-10-17,9150.5,8739.424,9017.228,8954.446
2025-10-20,9124.5,8848.428,9190.864,8959.065
2025-10-21,9118.0,8876.025,9218.552,8988.6875
2025-10-23,9047.0,8886.076,9243.56,9009.734
2025-10-24,9076.5,8899.196,9254.022,9037.334
2025-10-27,9095.5,8905.353,9264.771,9061.3
2025-10-28,9057.5,9003.749,9006.92,9018.49
2025-10-29,9034.0,8994.629,9000.607,9019.23
2025-10-30,8923.0,8996.2,8991.899,9015.554
2025-10-31,8892.5,8974.374,8964.214,9015.06
2025-11-03,8922.5,8959.016,8933.073,8998.382
2025-11-04,8751.0,8747.336,9069.154,9071.6455
2025-11-05,8751.0,8692.779,9008.648,9047.562
2025-11-06,8720.5,8663.233,8961.436,9019.263
2025-11-07,8721.5,8636.771,8915.546,8991.764
2025-11-10,8772.0,8607.513,8876.86,8959.431
